PartNoID,RelativePath,Image1,Image2,Image3,VendorName,VendorItemNumber,LNSPartNo,KMSPartNo,DMPPartNo,SuggestedPrice,UPC,Weight,UOM,Hazard,AS400Description,ProductName,Level4Name,Level5Name,Level6Name,Attribute1Name,Attribute1Value,Attribute2Name,Attribute2Value,Attribute3Name,Attribute3Value,Attribute4Name,Attribute4Value,Attribute5Name,Attribute5Value,Attribute6Name,Attribute6Value,ModuleID,LongDescription,Features,WebDescription,WebShortDescription,WebLongDescription,WebFeatures,WebTitle,WebMetaTagsDesc,WebMetaTagsKeyword,WebHeading,WebAltTag,WebLinkingProd,WebLinkingDocs,LNSuse1,LNSuse2,LNSuse3
310-030340,\A\303 Products\,TOT 030340.jpg,,Logo_303 Products_15524.jpg,303 Products,030340,310-030340,TOT 030340,03-7121,16.4900,082043003408,2.833,EA,4,16 OZ.AEROSPACE PROTECTANT,303<sup>&reg;</sup> AEROSPACE PROTECTANT&trade; (303 PRODUCTS),Maintenance,Carpet&#44; Vinyl & Upholstery Products,,Description,303<sup>&reg;</sup> Aerospace Protectant&trade;,Size,16 oz. Spray,Case,12,,,,,,,PF_20561,Powerful UV screening treatment prevents fading&#44; cracking and premature aging. Restores lost color and luster; dries to a clear matte finish. Safe and effective for vinyl&#44; Plexiglass&#44; carbon fiber&#44; rubber&#44; plastics and finished leathers. No other product provides this much protection for your boat and water gear. Use Aerospace Protectant&trade; to keep your boat's seats&#44; hull and windows clean and protected. Aerospace Protectant&trade; is a premium protectant designed to safeguard boats and boat equipment against the damaging effects of daily exposure to UV rays.<BR><B>30302</B> is sold in case pack only.,,,303<sup>&reg;</sup> Aerospace Protectant<sup>&reg;</sup>&#44; 16 oz.,Powerful UV screening treatment prevents fading&#44; cracking and premature aging. Restores lost color and luster; dries to a clear matte finish. Safe and effective for vinyl&#44; Plexiglass&#44; carbon fiber&#44; rubber&#44; plastics and finished leathers. No other product provides this much protection for your boat and water gear. Use Aerospace Protectant&trade; to keep your boat's seats&#44; hull and windows clean and protected. Aerospace Protectant&trade; is a premium protectant designed to safeguard boats and boat equipment against the damaging effects of daily exposure to UV rays.,,,,,,,,,15518,,15524
310-030370,\A\303 Products\,TOT 030370.jpg,,Logo_303 Products_15524.jpg,303 Products,030370,310-030370,TOT 030370,03-7123,69.5900,082043003705,9.250,EA,4,303 PROTECTANT - GAL,303<sup>&reg;</sup> AEROSPACE PROTECTANT&trade; (303 PRODUCTS),Maintenance,Carpet&#44; Vinyl & Upholstery Products,,Description,303<sup>&reg;</sup> Aerospace Protectant&trade;,Size,Gallon,Case,4,,,,,,,PF_20561,Powerful UV screening treatment prevents fading&#44; cracking and premature aging. Restores lost color and luster; dries to a clear matte finish. Safe and effective for vinyl&#44; Plexiglass&#44; carbon fiber&#44; rubber&#44; plastics and finished leathers. No other product provides this much protection for your boat and water gear. Use Aerospace Protectant&trade; to keep your boat's seats&#44; hull and windows clean and protected. Aerospace Protectant&trade; is a premium protectant designed to safeguard boats and boat equipment against the damaging effects of daily exposure to UV rays.<BR><B>30302</B> is sold in case pack only.,,,303<sup>&reg;</sup> Aerospace Protectant<sup>&reg;</sup>&#44; Gal.,Powerful UV screening treatment prevents fading&#44; cracking and premature aging. Restores lost color and luster; dries to a clear matte finish. Safe and effective for vinyl&#44; Plexiglass&#44; carbon fiber&#44; rubber&#44; plastics and finished leathers. No other product provides this much protection for your boat and water gear. Use Aerospace Protectant&trade; to keep your boat's seats&#44; hull and windows clean and protected. Aerospace Protectant&trade; is a premium protectant designed to safeguard boats and boat equipment against the damaging effects of daily exposure to UV rays.,,,,,,,,,65532,,15524
310-030616,\A\303 Products\,TOT 030616.jpg,,Logo_303 Products_15524.jpg,303 Products,030616,310-030616,TOT 030616,03-7124,18.8900,082043006164,1.083,EA,5,FABRIC GUARD 16 OZ.SPRAY,303<sup>&reg;</sup> HIGH TECH FABRIC GUARD&trade; (303 PRODUCTS),Maintenance,Canvas & Fabric Cleaners/Protectants/Waterproofing,,Description,303<sup>&reg;</sup> High Tech Fabric Guard,Size,16 oz. spray,Case,12,,,,,,,PF_20468,Recommended as the best fabric protector by leading outdoor fabric manufacturer Sunbrella<sup>&reg;</sup>. Restores lasting water repellency; treated fabrics repel water which guards against mildew formation. Stops leaks&#44; protects against soiling and both water & oil based stains. Does not alter fabric color&#44; feel or breathability. Spray on&#44; let dry. For best results start by cleaning the fabric with 303<sup>&reg;</sup> Fabric/Vinyl Cleaner&trade;.<BR><B>30601</B> is sold in case pack only.,,,303<sup>&reg;</sup> Hi-Tech Fabric Guard<sup>&reg;</sup>&#44; 16 oz.,Recommended as the best fabric protector by leading outdoor fabric manufacturer Sunbrella<sup>&reg;</sup>. Restores lasting water repellency; treated fabrics repel water which guards against mildew formation. Stops leaks&#44; protects against soiling and both water & oil based stains. Does not alter fabric color&#44; feel or breathability. Spray on&#44; let dry. For best results start by cleaning the fabric with 303<sup>&reg;</sup> Fabric/Vinyl Cleaner&trade;.,,,,,,,,,15521,,15524
310-230390,\A\303 Products\,TOT 230390.jpg,,Logo_303 Products_15524.jpg,303 Products,230390,310-230390,TOT 230390,02-4220,4.6900,82043230903,.166,PK,4,WINDSHIELD WASHER TABLETS 5/PK,303<sup>&reg;</sup> INSTANT WINDSHIELD WIPE TABLETS&trade; (303 PRODUCTS),Maintenance,Glass Cleaners,,Description,303<sup>&reg;</sup> Instant Windshield Wipe Tablets&trade;,Pack,5,Case,12,,,,,,,PF_53708,Specially formulated to completely remove bugs&#44; road film&#44; dirt and grime leaving windshields sparkling clean. Engineered to be safe for rubber and paint. Each tablet effervesces in plain water until completely dissolved. Super-concentrated with 3x times the cleaning power of ordinary wash. Each tablet makes one gallon of top quality cleaner. Easy to use&#44; simply add 1 tablet to 1 gallon of water or drop in reservoir of clean water.,,,303<sup>&reg;</sup> Windshield Washer Tablets,Specially formulated to completely remove bugs&#44; road film&#44; dirt and grime leaving windshields sparkling clean. Engineered to be safe for rubber and paint. Each tablet effervesces in plain water until completely dissolved. Superconcentrated with 3x times the cleaning power of ordinary wash. Each tablet makes one gallon of top quality cleaner. Easy to use&#44; simply add 1 tablet to 1 gallon of water or drop in reservoir of clean water.,,,,,,,,,65414,,15524
310-030330,\A\303 Products\,TOT 030330.jpg,,Logo_303 Products_15524.jpg,303 Products,310-030330,310-030330,TOT 030330,03-7120,9.5900,082043003309,.750,EA,4,303 8OZ W/PUMP SPRAYER,303<sup>&reg;</sup> AEROSPACE PROTECTANT&trade; (303 PRODUCTS),Maintenance,Carpet&#44; Vinyl & Upholstery Products,,Description,303<sup>&reg;</sup> Aerospace Protectant&trade;,Size,8 oz. Pump,Case,12,,,,,,,PF_20561,Powerful UV screening treatment prevents fading&#44; cracking and premature aging. Restores lost color and luster; dries to a clear matte finish. Safe and effective for vinyl&#44; Plexiglass&#44; carbon fiber&#44; rubber&#44; plastics and finished leathers. No other product provides this much protection for your boat and water gear. Use Aerospace Protectant&trade; to keep your boat's seats&#44; hull and windows clean and protected. Aerospace Protectant&trade; is a premium protectant designed to safeguard boats and boat equipment against the damaging effects of daily exposure to UV rays.<BR><B>30302</B> is sold in case pack only.,,,303<sup>&reg;</sup> Aerospace Protectant<sup>&reg;</sup>&#44; 8 oz. w/Pump Sprayer,Powerful UV screening treatment prevents fading&#44; cracking and premature aging. Restores lost color and luster; dries to a clear matte finish. Safe and effective for vinyl&#44; Plexiglass&#44; carbon fiber&#44; rubber&#44; plastics and finished leathers. No other product provides this much protection for your boat and water gear. Use Aerospace Protectant&trade; to keep your boat's seats&#44; hull and windows clean and protected. Aerospace Protectant&trade; is a premium protectant designed to safeguard boats and boat equipment against the damaging effects of daily exposure to UV rays.,,,,,,,,,120740,,15524
310-130340,\A\303 Products\,TOT 130340.jpg,,Logo_303 Products_15524.jpg,303 Products,130340,310-130340,TOT 130340,26-6760,19.5900,082043103405,1.300,EA,4,AEROSPACE PROTECTANT 473ML,303<sup>&reg;</sup> AEROSPACE PROTECTANT&trade; (303 PRODUCTS),Maintenance,Carpet&#44; Vinyl & Upholstery Products,,Description,303<sup>&reg;</sup> Aerospace Protectant&trade;,Size,473 ml (16 oz.) Spray,Case,12,,,,,,,PF_20561,Powerful UV screening treatment prevents fading&#44; cracking and premature aging. Restores lost color and luster; dries to a clear matte finish. Safe and effective for vinyl&#44; Plexiglass&#44; carbon fiber&#44; rubber&#44; plastics and finished leathers. No other product provides this much protection for your boat and water gear. Use Aerospace Protectant&trade; to keep your boat's seats&#44; hull and windows clean and protected. Aerospace Protectant&trade; is a premium protectant designed to safeguard boats and boat equipment against the damaging effects of daily exposure to UV rays.<BR><B>30302</B> is sold in case pack only.,,,303<sup>&reg;</sup> Aerospace Protectant<sup>&reg;</sup>&#44; 473ML (16 oz.),Powerful UV screening treatment prevents fading&#44; cracking and premature aging. Restores lost color and luster; dries to a clear matte finish. Safe and effective for vinyl&#44; Plexiglass&#44; carbon fiber&#44; rubber&#44; plastics and finished leathers. No other product provides this much protection for your boat and water gear. Use Aerospace Protectant&trade; to keep your boat's seats&#44; hull and windows clean and protected. Aerospace Protectant&trade; is a premium protectant designed to safeguard boats and boat equipment against the damaging effects of daily exposure to UV rays.,,,,,,,,,546280,,15524
310-130370,\A\303 Products\,TOT 130370.jpg,,Logo_303 Products_15524.jpg,303 Products,130370,310-130370,TOT 130370,26-6762,89.5900,082043103702,9.000,EA,4,AEROSPACE PROTECTANT 3.79L,303<sup>&reg;</sup> AEROSPACE PROTECTANT&trade; (303 PRODUCTS),Maintenance,Carpet&#44; Vinyl & Upholstery Products,,Description,303<sup>&reg;</sup> Aerospace Protectant&trade;,Size,3.79L (Gallon),Case,4,,,,,,,PF_20561,Powerful UV screening treatment prevents fading&#44; cracking and premature aging. Restores lost color and luster; dries to a clear matte finish. Safe and effective for vinyl&#44; Plexiglass&#44; carbon fiber&#44; rubber&#44; plastics and finished leathers. No other product provides this much protection for your boat and water gear. Use Aerospace Protectant&trade; to keep your boat's seats&#44; hull and windows clean and protected. Aerospace Protectant&trade; is a premium protectant designed to safeguard boats and boat equipment against the damaging effects of daily exposure to UV rays.<BR><B>30302</B> is sold in case pack only.,,,303<sup>&reg;</sup> Aerospace Protectant<sup>&reg;</sup>&#44; 3.79L (Gal.),Powerful UV screening treatment prevents fading&#44; cracking and premature aging. Restores lost color and luster; dries to a clear matte finish. Safe and effective for vinyl&#44; Plexiglass&#44; carbon fiber&#44; rubber&#44; plastics and finished leathers. No other product provides this much protection for your boat and water gear. Use Aerospace Protectant&trade; to keep your boat's seats&#44; hull and windows clean and protected. Aerospace Protectant&trade; is a premium protectant designed to safeguard boats and boat equipment against the damaging effects of daily exposure to UV rays.,,,,,,,,,546281,,15524
310-130616,\A\303 Products\,TOT 130616.jpg,,Logo_303 Products_15524.jpg,303 Products,130616,310-130616,TOT 130616,26-6763,22.5900,082043106161,1.000,EA,4,FABRIC GUARD 473ML SPRAY,303<sup>&reg;</sup> HIGH TECH FABRIC GUARD&trade; (303 PRODUCTS),Maintenance,Canvas & Fabric Cleaners/Protectants/Waterproofing,,Description,303<sup>&reg;</sup> High Tech Fabric Guard,Size,473 ml (16 oz.),Case,6,,,,,,,PF_20468,Recommended as the best fabric protector by leading outdoor fabric manufacturer Sunbrella<sup>&reg;</sup>. Restores lasting water repellency; treated fabrics repel water which guards against mildew formation. Stops leaks&#44; protects against soiling and both water & oil based stains. Does not alter fabric color&#44; feel or breathability. Spray on&#44; let dry. For best results start by cleaning the fabric with 303<sup>&reg;</sup> Fabric/Vinyl Cleaner&trade;.<BR><B>30601</B> is sold in case pack only.,,,303<sup>&reg;</sup> Hi-Tech Fabric Guard<sup>&reg;</sup>&#44; 473ML (16 oz.),Recommended as the best fabric protector by leading outdoor fabric manufacturer Sunbrella<sup>&reg;</sup>. Restores lasting water repellency; treated fabrics repel water which guards against mildew formation. Stops leaks&#44; protects against soiling and both water & oil based stains. Does not alter fabric color&#44; feel or breathability. Spray on&#44; let dry. For best results start by cleaning the fabric with 303<sup>&reg;</sup> Fabric/Vinyl Cleaner&trade;.,,,,,,,,,130136,,15524
310-130674,\A\303 Products\,TOT 130674.jpg,,Logo_303 Products_15524.jpg,303 Products,130674,310-130674,TOT 130674,26-6765,155.0900,082043006741,6.730,EA,4,FABRIC GUARD 3.8L,303<sup>&reg;</sup> HIGH TECH FABRIC GUARD&trade; (303 PRODUCTS),Maintenance,Canvas & Fabric Cleaners/Protectants/Waterproofing,,Description,303<sup>&reg;</sup> High Tech Fabric Guard,Size,3.79L (Gallon),Case,4,,,,,,,PF_20468,Recommended as the best fabric protector by leading outdoor fabric manufacturer Sunbrella<sup>&reg;</sup>. Restores lasting water repellency; treated fabrics repel water which guards against mildew formation. Stops leaks&#44; protects against soiling and both water & oil based stains. Does not alter fabric color&#44; feel or breathability. Spray on&#44; let dry. For best results start by cleaning the fabric with 303<sup>&reg;</sup> Fabric/Vinyl Cleaner&trade;.<BR><B>30601</B> is sold in case pack only.,,,303<sup>&reg;</sup> Hi-Tech Fabric Guard<sup>&reg;</sup>&#44; Gal.,Recommended as the best fabric protector by leading outdoor fabric manufacturer Sunbrella<sup>&reg;</sup>. Restores lasting water repellency; treated fabrics repel water which guards against mildew formation. Stops leaks&#44; protects against soiling and both water & oil based stains. Does not alter fabric color&#44; feel or breathability. Spray on&#44; let dry. For best results start by cleaning the fabric with 303<sup>&reg;</sup> Fabric/Vinyl Cleaner&trade;.,,,,,,,,,130138,,15524
310-30601,\A\303 Products\,TOT 30601.jpg,,Logo_303 Products_15524.jpg,303 Products,30601,310-30601,TOT 30601,28-5648,3.8900,082043006102,.146,EA,5,FABRIC GUARD DISPLAY 2OZ @16,303<sup>&reg;</sup> HIGH TECH FABRIC GUARD&trade; (303 PRODUCTS),Maintenance,Canvas & Fabric Cleaners/Protectants/Waterproofing,,Description,303<sup>&reg;</sup> High Tech Fabric Guard,Size,2 oz Spray,Case,16,,,,,,,PF_20468,Recommended as the best fabric protector by leading outdoor fabric manufacturer Sunbrella<sup>&reg;</sup>. Restores lasting water repellency; treated fabrics repel water which guards against mildew formation. Stops leaks&#44; protects against soiling and both water & oil based stains. Does not alter fabric color&#44; feel or breathability. Spray on&#44; let dry. For best results start by cleaning the fabric with 303<sup>&reg;</sup> Fabric/Vinyl Cleaner&trade;.<BR><B>30601</B> is sold in case pack only.,,,303<sup>&reg;</sup> High Tech Fabric Guard<sup>&reg;</sup>&#44; 2 oz.,Recommended as the best fabric protector by leading outdoor fabric manufacturer Sunbrella<sup>&reg;</sup>. Restores lasting water repellency; treated fabrics repel water which guards against mildew formation. Stops leaks&#44; protects against soiling and both water & oil based stains. Does not alter fabric color&#44; feel or breathability. Spray on&#44; let dry. For best results start by cleaning the fabric with 303<sup>&reg;</sup> Fabric/Vinyl Cleaner&trade;.<BR>Sold in case pack of 16 only.,,,,,,,,,138791,,15524
310-30502,\A\303 Products\,TOT 30502.jpg,,Logo_303 Products_15524.jpg,303 Products,30502,310-30502,TOT 30502,28-5646,3.3900,082043005310,2.340,EA,4,CLEANER-SPOT REMVR DISP 16-2OZ,303<sup>&reg;</sup> CLEANER & SPOT REMOVER (303 PRODUCTS),Maintenance,Carpet&#44; Vinyl & Upholstery Products,,Description,303<sup>&reg;</sup> Cleaner & Spot Remover,Size,2 oz Spray,Case,16,,,,,,,PF_108453,Premium cleaner formulated to remove the most difficult carpet and upholstery stains. Also great on canvas or any water-safe material. Safely removes soils&#44; oil&#44; grease&#44; or ink. Easy - spray on&#44; wipe or rinse clean. Rinses clean to leave NO residue. Excellent for machine extractors.<BR><B>30502</B> is sold in case pack only.,,,303<sup>&reg;</sup> Cleaner & Spot Remover&#44; 2 oz.,Premium cleaner formulated to remove the most difficult carpet and upholstery stains. Also great on canvas or any water-safe material. Safely removes soils&#44; oil&#44; grease&#44; or ink. Easy - spray on&#44; wipe or rinse clean. Rinses clean to leave NO residue. Excellent for machine extractors.<BR>Sold in case pack of 16 only.,,,,,,,,,138790,,15524
310-30501,\A\303 Products\,TOT 30501.jpg,,Logo_303 Products_15524.jpg,303 Products,30501,310-30501,TOT 30501,28-5644,3.3900,082043305335,.146,EA,4,FABRIC-VINYL CLNR DISP 2OZ @16,303<sup>&reg;</sup> FABRIC/VINYL CLEANER&trade; (303 PRODUCTS),Maintenance,Canvas & Fabric Cleaners/Protectants/Waterproofing,,Description,303<sup>&reg;</sup> Fabric/Vinyl Cleaner&trade;,Size,2 oz Spray,Case,16,,,,,,,PF_36096,Recommended by and for Sunbrella<sup>&reg;</sup> Fabrics. Specially formulated to clean all indoor and outdoor fabrics&#44; carpeting and upholstery while rinsing residue free. Designed to accomplish even the toughest&#44; heaviest-duty cleaning jobs safely&#44; using no harsh chemicals. Safely removes difficult stains including: dirt&#44; oil&#44; grease&#44; coffee&#44; tea and ink. Contains no caustics or acids. Non-flammable. Non-fuming.<BR><B>30501</B> is sold in case pack only.,,,303<sup>&reg;</sup> Fabric Cleaner&#44; 2 oz.,Recommended by and for Sunbrella<sup>&reg;</sup> Fabrics. Specially formulated to clean all indoor and outdoor fabrics&#44; carpeting and upholstery while rinsing residue free. Designed to accomplish even the toughest&#44; heaviest-duty cleaning jobs safely&#44; using no harsh chemicals. Safely removes difficult stains including: dirt&#44; oil&#44; grease&#44; coffee&#44; tea and ink. Contains no caustics or acids. Non-flammable. Non-fuming.<BR>Sold in case pack of 16 only.,,,,,,,,,138789,,15524
310-30302,\A\303 Products\,TOT 30302.jpg,,Logo_303 Products_15524.jpg,303 Products,30302,310-30302,TOT 30302,28-5642,3.3900,082043003101,.146,EA,4,303 PROTECTANT-DISPLAY 2OZ @16,303<sup>&reg;</sup> AEROSPACE PROTECTANT&trade; (303 PRODUCTS),Maintenance,Carpet&#44; Vinyl & Upholstery Products,,Description,303<sup>&reg;</sup> Aerospace Protectant&trade;,Size,2 oz.,Case,16,,,,,,,PF_20561,Powerful UV screening treatment prevents fading&#44; cracking and premature aging. Restores lost color and luster; dries to a clear matte finish. Safe and effective for vinyl&#44; Plexiglass&#44; carbon fiber&#44; rubber&#44; plastics and finished leathers. No other product provides this much protection for your boat and water gear. Use Aerospace Protectant&trade; to keep your boat's seats&#44; hull and windows clean and protected. Aerospace Protectant&trade; is a premium protectant designed to safeguard boats and boat equipment against the damaging effects of daily exposure to UV rays.<BR><B>30302</B> is sold in case pack only.,,,303<sup>&reg;</sup> Aerospace Protectant<sup>&reg;</sup>&#44; 2 oz. w/Pump Sprayer,Powerful UV screening treatment prevents fading&#44; cracking and premature aging. Restores lost color and luster; dries to a clear matte finish. Safe and effective for vinyl&#44; Plexiglass&#44; carbon fiber&#44; rubber&#44; plastics and finished leathers. No other product provides this much protection for your boat and water gear. Use Aerospace Protectant&trade; to keep your boat's seats&#44; hull and windows clean and protected. Aerospace Protectant&trade; is a premium protectant designed to safeguard boats and boat equipment against the damaging effects of daily exposure to UV rays.<BR>Sold in case pack of 16 only.,,,,,,,,,138788,,15524
310-30201,\A\303 Products\,TOT 30201.jpg,,Logo_303 Products_15524.jpg,303 Products,30201,310-30201,TOT 30201,28-5640,3.3900,082043317109,.146,EA,4,SPEED DETAILER-DISPLAY 2OZ @16,303<sup>&reg;</sup> SPEED DETAILER (303 PRODUCTS),Maintenance,One Step Cleaner/Waxes,,Description,303<sup>&reg;</sup> Speed Detailer,Size,2 oz. Spray,Case,16,,,,,,,PF_549945,Cleans&#44; shines & protects most hard surfaces instantly by simply spraying it on and wiping dry. Quick&#44; safe and easy to use&#44; it produces a high-gloss finish with SPF 40 sunscreen to help reduce sun damage. Does not streak or haze and repels dust&#44; dirt and stains.<BR><B>30201</B> Sold in case pack only.,,,303<sup>&reg;</sup> Speed Detailer&#44; 2 oz.,Cleans&#44; shines & protects most hard surfaces instantly by simply spraying it on and wiping dry. Quick&#44; safe and easy to use&#44; it produces a high-gloss finish with SPF 40 sunscreen to help reduce sun damage. Does not streak or haze and repels dust&#44; dirt and stains.<BR>Sold in case pack of 16 only.,,,,,,,,,138787,,15524
310-30674,\A\303 Products\,TOT 30674.jpg,,Logo_303 Products_15524.jpg,303 Products,30674,310-30674,TOT 30674,29-8069,117.9900,082043006706,9.000,EA,5,303 HI TECH FABRIC GUARD GAL,303<sup>&reg;</sup> HIGH TECH FABRIC GUARD&trade; (303 PRODUCTS),Maintenance,Canvas & Fabric Cleaners/Protectants/Waterproofing,,Description,303<sup>&reg;</sup> High Tech Fabric Guard,Size,Gallon (3.79L),Case,4,,,,,,,PF_20468,Recommended as the best fabric protector by leading outdoor fabric manufacturer Sunbrella<sup>&reg;</sup>. Restores lasting water repellency; treated fabrics repel water which guards against mildew formation. Stops leaks&#44; protects against soiling and both water & oil based stains. Does not alter fabric color&#44; feel or breathability. Spray on&#44; let dry. For best results start by cleaning the fabric with 303<sup>&reg;</sup> Fabric/Vinyl Cleaner&trade;.<BR><B>30601</B> is sold in case pack only.,,,,,,,,,,,,,540073,,15524
310-30604,\A\303 Products\,TOT 30604.jpg,,Logo_303 Products_15524.jpg,303 Products,30604,310-30604,TOT 30604,30-3108,32.9900,082043006508,1.730,EA,5,303 FABRIC GUARD 32 OZ,303<sup>&reg;</sup> HIGH TECH FABRIC GUARD&trade; (303 PRODUCTS),Maintenance,Canvas & Fabric Cleaners/Protectants/Waterproofing,,Description,303<sup>&reg;</sup> High Tech Fabric Guard,Size,32 oz. Spray,Case,6,,,,,,,PF_20468,Recommended as the best fabric protector by leading outdoor fabric manufacturer Sunbrella<sup>&reg;</sup>. Restores lasting water repellency; treated fabrics repel water which guards against mildew formation. Stops leaks&#44; protects against soiling and both water & oil based stains. Does not alter fabric color&#44; feel or breathability. Spray on&#44; let dry. For best results start by cleaning the fabric with 303<sup>&reg;</sup> Fabric/Vinyl Cleaner&trade;.<BR><B>30601</B> is sold in case pack only.,,,,,,,,,,,,,539535,,15524
310-30306,\A\303 Products\,TOT 30306.jpg,,Logo_303 Products_15524.jpg,303 Products,30306,310-30306,TOT 30306,30-3106,24.9900,082043003507,2.250,EA,4,303 AEROSPACE PROTECTANT 32 OZ,303<sup>&reg;</sup> AEROSPACE PROTECTANT&trade; (303 PRODUCTS),Maintenance,Carpet&#44; Vinyl & Upholstery Products,,Description,303<sup>&reg;</sup> Aerospace Protectant&trade;,Size,32 oz.,Case,6,,,,,,,PF_20561,Powerful UV screening treatment prevents fading&#44; cracking and premature aging. Restores lost color and luster; dries to a clear matte finish. Safe and effective for vinyl&#44; Plexiglass&#44; carbon fiber&#44; rubber&#44; plastics and finished leathers. No other product provides this much protection for your boat and water gear. Use Aerospace Protectant&trade; to keep your boat's seats&#44; hull and windows clean and protected. Aerospace Protectant&trade; is a premium protectant designed to safeguard boats and boat equipment against the damaging effects of daily exposure to UV rays.<BR><B>30302</B> is sold in case pack only.,,,303<sup>&reg;</sup> Aerospace Protectant<sup>&reg;</sup>&#44; 32 oz. w/Pump Sprayer,Powerful UV screening treatment prevents fading&#44; cracking and premature aging. Restores lost color and luster; dries to a clear matte finish. Safe and effective for vinyl&#44; Plexiglass&#44; carbon fiber&#44; rubber&#44; plastics and finished leathers. No other product provides this much protection for your boat and water gear. Use Aerospace Protectant&trade; to keep your boat's seats&#44; hull and windows clean and protected. Aerospace Protectant&trade; is a premium protectant designed to safeguard boats and boat equipment against the damaging effects of daily exposure to UV rays.,,,,,,,,,540072,,15524
310-30305,\A\303 Products\,TOT 30305.jpg,,Logo_303 Products_15524.jpg,303 Products,30305,310-30305,TOT 30305,30-3105,11.9900,082043303058,.810,EA,4,303 AEROSPACE PROTECTANT 10 OZ,303<sup>&reg;</sup> AEROSPACE PROTECTANT&trade; (303 PRODUCTS),Maintenance,Carpet&#44; Vinyl & Upholstery Products,,Description,303<sup>&reg;</sup> Aerospace Protectant&trade;,Size,10 oz.,Case,12,,,,,,,PF_20561,Powerful UV screening treatment prevents fading&#44; cracking and premature aging. Restores lost color and luster; dries to a clear matte finish. Safe and effective for vinyl&#44; Plexiglass&#44; carbon fiber&#44; rubber&#44; plastics and finished leathers. No other product provides this much protection for your boat and water gear. Use Aerospace Protectant&trade; to keep your boat's seats&#44; hull and windows clean and protected. Aerospace Protectant&trade; is a premium protectant designed to safeguard boats and boat equipment against the damaging effects of daily exposure to UV rays.<BR><B>30302</B> is sold in case pack only.,,,303<sup>&reg;</sup> Aerospace Protectant<sup>&reg;</sup>&#44; 10 oz. w/Pump Sprayer,Powerful UV screening treatment prevents fading&#44; cracking and premature aging. Restores lost color and luster; dries to a clear matte finish. Safe and effective for vinyl&#44; Plexiglass&#44; carbon fiber&#44; rubber&#44; plastics and finished leathers. No other product provides this much protection for your boat and water gear. Use Aerospace Protectant&trade; to keep your boat's seats&#44; hull and windows clean and protected. Aerospace Protectant&trade; is a premium protectant designed to safeguard boats and boat equipment against the damaging effects of daily exposure to UV rays.,,,,,,,,,546258,,15524
310-30204,\A\303 Products\,TOT 30204.jpg,,Logo_303 Products_15524.jpg,303 Products,30204,310-30204,TOT 30204,30-3107,16.4900,082043005525,2.250,EA,4,303 FABRIC CLEANER 32 OZ,303<sup>&reg;</sup> FABRIC/VINYL CLEANER&trade; (303 PRODUCTS),Maintenance,Canvas & Fabric Cleaners/Protectants/Waterproofing,,Description,303<sup>&reg;</sup> Fabric/Vinyl Cleaner&trade;,Size,32 oz. Spray,Case,6,,,,,,,PF_36096,Recommended by and for Sunbrella<sup>&reg;</sup> Fabrics. Specially formulated to clean all indoor and outdoor fabrics&#44; carpeting and upholstery while rinsing residue free. Designed to accomplish even the toughest&#44; heaviest-duty cleaning jobs safely&#44; using no harsh chemicals. Safely removes difficult stains including: dirt&#44; oil&#44; grease&#44; coffee&#44; tea and ink. Contains no caustics or acids. Non-flammable. Non-fuming.<BR><B>30501</B> is sold in case pack only.,,,,,,,,,,,,,540070,,15524
